{"NV001": {"title": "NV", "name": "Duong", "salary_base": 100000, "working_days": 23, "department": "MKT", "working_performance": 1.2, "bonus": 40000, "late_comming_days": 0}, "NV002": {"title": "QL", "name": "D\u01b0\u01a1ng", "salary_base": 100000, "working_days": 20, "department": "MKT", "working_performance": 1.3, "bonus": 500000, "late_comming_days": 2}, "NV003": {"title": "QL", "name": "Lency", "salary_base": 120000, "working_days": 29, "department": "KeToan", "working_performance": 1.3, "bonus": 700000, "late_comming_days": 0}, "NV004": {"title": "NV", "name": "Dung", "salary_base": 400000, "working_days": 20, "department": "Dev", "working_performance": 1.6, "bonus": 600000, "late_comming_days": 1}}